{"loss": [0.34838905930519104, 0.12588725984096527, 0.2019706517457962, 0.05592447519302368, 0.049843475222587585, 0.09304594993591309, 0.04718616232275963, 0.12913554906845093, 0.32452794909477234, 0.05189350247383118, 0.021011468023061752, 0.0301057081669569, 0.018972095102071762, 0.014398971572518349, 0.02573183923959732, 0.011074238456785679, 0.03937524929642677, 0.032948628067970276, 0.012520862743258476, 0.01555017102509737], "f1": [0.8692453503608704, 0.9516820907592773, 0.9109060168266296, 0.9835021495819092, 0.9871165156364441, 0.9721391201019287, 0.9872593879699707, 0.9509653449058533, 0.8683267831802368, 0.9890909194946289, 0.9955013990402222, 0.9912928938865662, 0.9963650107383728, 0.997394323348999, 0.9929358959197998, 0.9972165822982788, 0.986601710319519, 0.9871494174003601, 0.9956054091453552, 0.9955005645751953], "f2": [0.8900937438011169, 0.9395935535430908, 0.9062968492507935, 0.9823970794677734, 0.9909189343452454, 0.9709408283233643, 0.9891912341117859, 0.9661498069763184, 0.8913204073905945, 0.9910314679145813, 0.9948301315307617, 0.9891259670257568, 0.9966436624526978, 0.9983977675437927, 0.9913111925125122, 0.9976608753204346, 0.9845537543296814, 0.9852087497711182, 0.9946569204330444, 0.9946054816246033], "precision": [0.8365866541862488, 0.972536027431488, 0.9186930060386658, 0.9853493571281433, 0.9808436036109924, 0.9741427898406982, 0.9840563535690308, 0.9266914129257202, 0.832531750202179, 0.9858735799789429, 0.9966222643852234, 0.9949257373809814, 0.9959008693695068, 0.995726466178894, 0.9956554770469666, 0.9964768886566162, 0.9900338649749756, 0.9904009103775024, 0.9971904754638672, 0.9969958662986755], "recall": [0.9045573472976685, 0.9317036867141724, 0.9032499194145203, 0.9816616773605347, 0.9934701323509216, 0.9701436758041382, 0.990483283996582, 0.9765450358390808, 0.9073380827903748, 0.9923292994499207, 0.9943830966949463, 0.9876865744590759, 0.9968295693397522, 0.9990678429603577, 0.9902310967445374, 0.9979572892189026, 0.9831932783126831, 0.9839192032814026, 0.9940254092216492, 0.9940097332000732], "fn": [511.0, 366.0, 518.0, 98.0, 35.0, 160.0, 51.0, 126.0, 495.0, 41.0, 30.0, 66.0, 17.0, 5.0, 52.0, 11.0, 90.0, 86.0, 32.0, 32.0], "fp": [946.0, 141.0, 428.0, 78.0, 104.0, 138.0, 86.0, 415.0, 975.0, 76.0, 18.0, 27.0, 22.0, 23.0, 23.0, 19.0, 53.0, 51.0, 15.0, 16.0], "tp": [4843.0, 4993.0, 4836.0, 5246.0, 5325.0, 5199.0, 5308.0, 5246.0, 4847.0, 5304.0, 5311.0, 5294.0, 5345.0, 5359.0, 5271.0, 5374.0, 5265.0, 5262.0, 5324.0, 5310.0], "val_loss": [0.07496042549610138, 0.171811044216156, 0.13580816984176636, 0.12299750000238419, 0.19812816381454468, 0.042134758085012436, 0.051489051431417465, 0.3820151388645172, 0.6339700222015381, 0.08826112747192383, 0.096450574696064, 0.09090624749660492, 0.06736955046653748, 0.059407904744148254, 0.05793660506606102, 0.05239824950695038, 0.2744033932685852, 0.203328475356102, 0.059215132147073746, 0.06248755753040314], "val_f1": [0.9572798609733582, 0.9139784574508667, 0.9345794320106506, 0.9587357640266418, 0.9566724896430969, 0.9933109879493713, 0.9579684734344482, 0.8415841460227966, 0.5125000476837158, 0.9600694179534912, 0.9532872438430786, 0.9513043165206909, 0.9582608938217163, 0.9573541879653931, 0.9589519500732422, 0.9583333730697632, 0.9591659903526306, 0.9622476100921631, 0.9590235352516174, 0.9588801264762878], "val_f2": [0.9391036629676819, 0.8780992031097412, 0.9303112030029297, 0.9394357204437256, 0.9400545358657837, 0.9973135590553284, 0.9392170906066895, 0.9299781322479248, 0.39836767315864563, 0.9414368867874146, 0.9377127885818481, 0.9366438388824463, 0.9415584802627563, 0.9392076134681702, 0.9397467374801636, 0.9397344589233398, 0.9410160183906555, 0.9428768754005432, 0.9408142566680908, 0.939643383026123], "val_precision": [0.9891892075538635, 0.9807692170143127, 0.9417808055877686, 0.9927272796630859, 0.9857142567634583, 0.9867109656333923, 0.9909420013427734, 0.7264957427978516, 0.980861246585846, 0.9928186535835266, 0.9804270267486572, 0.9767857193946838, 0.9874551892280579, 0.9892086386680603, 0.9927667379379272, 0.9910233616828918, 0.9910233616828918, 0.996363639831543, 0.9909909963607788, 0.9927536249160767], "val_recall": [0.9273648858070374, 0.8557047247886658, 0.9274873733520508, 0.9269949197769165, 0.9292929172515869, 1.0, 0.9271186590194702, 1.0, 0.34686970710754395, 0.929411768913269, 0.9276094436645508, 0.9271186590194702, 0.9307432174682617, 0.9274873733520508, 0.9273648858070374, 0.9277310967445374, 0.9292929172515869, 0.930390477180481, 0.9290540814399719, 0.9272419810295105], "val_fn": [43.0, 86.0, 43.0, 43.0, 42.0, 0.0, 43.0, 0.0, 386.0, 42.0, 43.0, 43.0, 41.0, 43.0, 43.0, 43.0, 42.0, 41.0, 42.0, 43.0], "val_fp": [6.0, 10.0, 34.0, 4.0, 8.0, 8.0, 5.0, 224.0, 4.0, 4.0, 11.0, 13.0, 7.0, 6.0, 4.0, 5.0, 5.0, 2.0, 5.0, 4.0], "val_tp": [549.0, 510.0, 550.0, 546.0, 552.0, 594.0, 547.0, 595.0, 205.0, 553.0, 551.0, 547.0, 551.0, 550.0, 549.0, 552.0, 552.0, 548.0, 550.0, 548.0]}