{"loss": [0.04558222368359566, 0.009336698800325394, 0.007714091334491968, 0.003889811225235462, 0.002828398486599326, 0.005851293448358774, 0.004981514066457748, 0.003968072589486837, 0.002681672340258956, 0.003585407044738531, 0.0036046921741217375, 0.0016709084156900644, 0.002575332298874855, 0.002593700075522065, 0.001997339306399226, 0.0018176186131313443, 0.0023387877736240625, 0.0014629896031692624, 0.0013679458061233163, 0.002901604166254401], "f1": [0.9876009821891785, 0.9992551803588867, 0.9989752769470215, 0.9997206926345825, 0.9999068975448608, 0.999534547328949, 0.9995343685150146, 0.9997206926345825, 0.9999068975448608, 0.9996274709701538, 0.9996275901794434, 0.9999068975448608, 0.9998137950897217, 0.9999068975448608, 0.9997206330299377, 0.9999068975448608, 0.9999068975448608, 1.0, 1.0, 0.9999068379402161], "f2": [0.9825066328048706, 0.9993668794631958, 0.9988077878952026, 0.9998881816864014, 0.9999627470970154, 0.9998137354850769, 0.9995902180671692, 0.9998881816864014, 0.9999627470970154, 0.999627411365509, 0.9997392296791077, 0.9999627470970154, 0.9999256134033203, 0.9999627470970154, 0.9997764825820923, 0.9999627470970154, 0.9999627470970154, 1.0, 1.0, 0.9998509883880615], "precision": [0.996209979057312, 0.999069094657898, 0.999254584312439, 0.9994415640830994, 0.9998137950897217, 0.9990695714950562, 0.9994413256645203, 0.9994415640830994, 0.9998137950897217, 0.9996274709701538, 0.9994414448738098, 0.9998137950897217, 0.9996276497840881, 0.9998137950897217, 0.9996275901794434, 0.9998137950897217, 0.9998137950897217, 1.0, 1.0, 1.0], "recall": [0.979139506816864, 0.9994412660598755, 0.9986962080001831, 1.0, 1.0, 1.0, 0.9996274709701538, 1.0, 1.0, 0.9996274709701538, 0.9998137354850769, 1.0, 1.0, 1.0, 0.9998137354850769, 1.0, 1.0, 1.0, 1.0, 0.9998137354850769], "fn": [112.0, 3.0, 7.0, 0.0, 0.0, 0.0, 2.0, 0.0, 0.0, 2.0, 1.0, 0.0, 0.0, 0.0, 1.0, 0.0, 0.0, 0.0, 0.0, 1.0], "fp": [20.0, 5.0, 4.0, 3.0, 1.0, 5.0, 3.0, 3.0, 1.0, 2.0, 3.0, 1.0, 2.0, 1.0, 2.0, 1.0, 1.0, 0.0, 0.0, 0.0], "tp": [5257.0, 5366.0, 5362.0, 5369.0, 5369.0, 5369.0, 5367.0, 5369.0, 5369.0, 5367.0, 5368.0, 5369.0, 5369.0, 5369.0, 5368.0, 5369.0, 5369.0, 5369.0, 5369.0, 5368.0], "val_loss": [0.404410719871521, 0.4661913514137268, 0.33527129888534546, 0.5673065781593323, 0.5691342949867249, 0.5639113783836365, 0.5588467717170715, 0.5574661493301392, 0.5679318308830261, 0.5433531403541565, 0.5589621663093567, 0.5549604892730713, 0.5663832426071167, 0.555621325969696, 0.5600901246070862, 0.5576654672622681, 0.5633158087730408, 0.5593476891517639, 0.5580111145973206, 0.5580436587333679], "val_f1": [0.9611063599586487, 0.9613068699836731, 0.958833634853363, 0.961240291595459, 0.9611063599586487, 0.9604811072349548, 0.9620034694671631, 0.9620034694671631, 0.961173415184021, 0.9629629850387573, 0.961240291595459, 0.9628349542617798, 0.9604130387306213, 0.9628990888595581, 0.9620689153671265, 0.9621342420578003, 0.9620689153671265, 0.9619377255439758, 0.9621342420578003, 0.9621342420578003], "val_f2": [0.941096842288971, 0.9413944482803345, 0.9404441714286804, 0.9412955045700073, 0.941096842288971, 0.941077470779419, 0.9415144920349121, 0.9415144920349121, 0.9411963820457458, 0.9429824948310852, 0.9412955045700073, 0.941832959651947, 0.9409780502319336, 0.9419310688972473, 0.9416131973266602, 0.9417116045951843, 0.9416131973266602, 0.9414154887199402, 0.9417116045951843, 0.9417116045951843], "val_precision": [0.9964157938957214, 0.9964349269866943, 0.991134762763977, 0.9964285492897034, 0.9964157938957214, 0.9946619272232056, 0.9982078671455383, 0.9982078671455383, 0.9964221715927124, 0.9982143044471741, 0.9964285492897034, 1.0, 0.9946523904800415, 1.0, 0.9982110857963562, 0.9982143044471741, 0.9982110857963562, 0.9982046484947205, 0.9982143044471741, 0.9982143044471741], "val_recall": [0.9282137155532837, 0.9285714030265808, 0.9285714030265808, 0.9284525513648987, 0.9282137155532837, 0.9285714030265808, 0.9283333420753479, 0.9283333420753479, 0.9283333420753479, 0.9301164746284485, 0.9284525513648987, 0.9283333420753479, 0.9284525513648987, 0.9284525513648987, 0.9284525513648987, 0.9285714030265808, 0.9284525513648987, 0.9282137155532837, 0.9285714030265808, 0.9285714030265808], "val_fn": [43.0, 43.0, 43.0, 43.0, 43.0, 43.0, 43.0, 43.0, 43.0, 42.0, 43.0, 43.0, 43.0, 43.0, 43.0, 43.0, 43.0, 43.0, 43.0, 43.0], "val_fp": [2.0, 2.0, 5.0, 2.0, 2.0, 3.0, 1.0, 1.0, 2.0, 1.0, 2.0, 0.0, 3.0, 0.0, 1.0, 1.0, 1.0, 1.0, 1.0, 1.0], "val_tp": [556.0, 559.0, 559.0, 558.0, 556.0, 559.0, 557.0, 557.0, 557.0, 559.0, 558.0, 557.0, 558.0, 558.0, 558.0, 559.0, 558.0, 556.0, 559.0, 559.0]}